job_title,employer_name,job_city,job_state,job_apply_link,job_description,is_portal_apply,platform,fetched_at,fit_score,fit_grade,fit_apply
"Junior Data Engineer
- job post","Squeeze Technology, Inc.",,,https://www.indeed.com/jobs?q=data+engineer+entry+level&l=United+States&sort=date&fromage=7&sc=0kf%253Aattr%28DSQF7%29%253B&vjk=f68f78a2cb98c081,"Company Overview

This is your opportunity to join a highly respected, fast-growing IT and AI consultancy in Orange County — and actually grow with it. Whether you're stepping into your first professional tech role or you've got some experience under your belt, what matters most here is passion, hustle, and a genuine love for solving problems.

The Junior Data Engineer will support our IT and AI solutions by building and maintaining data pipelines, preparing data for AI and analytics workloads, supporting application-to-application data integrations, and ensuring reliable data flow between systems. This role is designed to evolve — as you grow, your responsibilities will expand into new areas of our technology and AI practice.

The Gig

The Junior Data Engineer will primarily focus on hands-on development work: building and supporting application-to-application data integrations, building and optimizing ETL pipelines, preparing structured and unstructured data for AI workloads, and assisting with cloud data services to ensure accurate, accessible data across the organization and our client environments. A secondary part of the role involves Power BI reporting and dashboard development to support business stakeholders.

This role blends data engineering with the emerging discipline of preparing data for AI — including data quality, structure, metadata, and pipelines that feed AI and machine learning systems. The position requires strong analytical skills, attention to detail, and the ability to communicate data-driven findings to both technical and non-technical audiences.

You'll be working alongside lead engineers who own the architecture and design decisions for our data platform and client environments. Your focus is on building, implementing, supporting, and operating what's been designed — with mentorship and guidance along the way.

We expect you to understand how programming works, know that best practices exist for a reason, and be hungry to learn the rest. You'll start with the core responsibilities below, but the scope will grow as you do — into new tools, new client environments, and new areas of the business, with a strong emphasis on AI-enablement work.

Key Responsibilities:

Application & Data Integration Development

Build and maintain integrations between business applications (CRM, ERP, ticketing, finance, HR, and other line-of-business systems), following designs and patterns set by the senior data engineer.
Implement integrations using APIs, webhooks, middleware, and integration platforms (e.g., Azure Logic Apps, Power Automate, Azure Function Apps, or similar iPaaS tools).
Map data between source and destination systems, handling field-level transformations, data type mismatches, and sync rules as specified.
Troubleshoot integration issues, resolve data-flow errors, and ensure consistent, accurate data exchange across connected applications.
Monitor integration health, build alerting where appropriate, and implement improveme",True,Indeed,2026-05-28T18:14:08.720003,0,,False
